filename,type,outcome,species,tissue,scaling,color,function,archive
EN_Moduleclock_Chronoage_Rodents_Multitissue_allmodulegenes_scaleddiff.pkl,EN,Chronological,Rodents,Multi-Tissue,Scaled,allmodulegenes,All Modules,Rodent module clocks
EN_Moduleclock_Chronoage_Rodents_Multitissue_black_scaleddiff.pkl,EN,Chronological,Rodents,Multi-Tissue,Scaled,black,Myogenesis/Muscle contraction,Rodent module clocks
EN_Moduleclock_Chronoage_Rodents_Multitissue_blue_scaleddiff.pkl,EN,Chronological,Rodents,Multi-Tissue,Scaled,blue,Respiration/Mitochondrial translation,Rodent module clocks
EN_Moduleclock_Chronoage_Rodents_Multitissue_brown_scaleddiff.pkl,EN,Chronological,Rodents,Multi-Tissue,Scaled,brown,Chromatin modification/Transcription,Rodent module clocks
EN_Moduleclock_Chronoage_Rodents_Multitissue_cyan_scaleddiff.pkl,EN,Chronological,Rodents,Multi-Tissue,Scaled,cyan,Heme metabolism,Rodent module clocks
EN_Moduleclock_Chronoage_Rodents_Multitissue_darkgreen_scaleddiff.pkl,EN,Chronological,Rodents,Multi-Tissue,Scaled,darkgreen,Cell adhesion/VEGF signaling,Rodent module clocks
EN_Moduleclock_Chronoage_Rodents_Multitissue_darkgrey_scaleddiff.pkl,EN,Chronological,Rodents,Multi-Tissue,Scaled,darkgrey,Protein processing/mTOR signaling,Rodent module clocks
EN_Moduleclock_Chronoage_Rodents_Multitissue_darkorange_scaleddiff.pkl,EN,Chronological,Rodents,Multi-Tissue,Scaled,darkorange,Lipid met/PPAR signaling,Rodent module clocks
EN_Moduleclock_Chronoage_Rodents_Multitissue_darkred_scaleddiff.pkl,EN,Chronological,Rodents,Multi-Tissue,Scaled,darkred,Cholesterol met/mTOR signaling,Rodent module clocks
EN_Moduleclock_Chronoage_Rodents_Multitissue_green_scaleddiff.pkl,EN,Chronological,Rodents,Multi-Tissue,Scaled,green,Cell cycle,Rodent module clocks
EN_Moduleclock_Chronoage_Rodents_Multitissue_greenyellow_scaleddiff.pkl,EN,Chronological,Rodents,Multi-Tissue,Scaled,greenyellow,ECM organization/EMT,Rodent module clocks
EN_Moduleclock_Chronoage_Rodents_Multitissue_grey60_scaleddiff.pkl,EN,Chronological,Rodents,Multi-Tissue,Scaled,grey60,Apoptosis/Nrf2 signaling/Proteasome,Rodent module clocks
EN_Moduleclock_Chronoage_Rodents_Multitissue_lightgreen_scaleddiff.pkl,EN,Chronological,Rodents,Multi-Tissue,Scaled,lightgreen,Interferon signaling,Rodent module clocks
EN_Moduleclock_Chronoage_Rodents_Multitissue_lightyellow_scaleddiff.pkl,EN,Chronological,Rodents,Multi-Tissue,Scaled,lightyellow,Nrf2 signaling/Proteasome,Rodent module clocks
EN_Moduleclock_Chronoage_Rodents_Multitissue_magenta_scaleddiff.pkl,EN,Chronological,Rodents,Multi-Tissue,Scaled,magenta,Amino acid met/Coagulation/Xenobiotic met,Rodent module clocks
EN_Moduleclock_Chronoage_Rodents_Multitissue_midnightblue_scaleddiff.pkl,EN,Chronological,Rodents,Multi-Tissue,Scaled,midnightblue,mRNA splicing,Rodent module clocks
EN_Moduleclock_Chronoage_Rodents_Multitissue_orange_scaleddiff.pkl,EN,Chronological,Rodents,Multi-Tissue,Scaled,orange,Fatty acid met/Peroxisome,Rodent module clocks
EN_Moduleclock_Chronoage_Rodents_Multitissue_pink_scaleddiff.pkl,EN,Chronological,Rodents,Multi-Tissue,Scaled,pink,Adaptive immunity/T cell signaling,Rodent module clocks
EN_Moduleclock_Chronoage_Rodents_Multitissue_red_scaleddiff.pkl,EN,Chronological,Rodents,Multi-Tissue,Scaled,red,Translation/Ribosome,Rodent module clocks
EN_Moduleclock_Chronoage_Rodents_Multitissue_salmon_scaleddiff.pkl,EN,Chronological,Rodents,Multi-Tissue,Scaled,salmon,Cholesterol met/Platelet degranulation,Rodent module clocks
EN_Moduleclock_Chronoage_Rodents_Multitissue_skyblue_scaleddiff.pkl,EN,Chronological,Rodents,Multi-Tissue,Scaled,skyblue,Heat stress response,Rodent module clocks
EN_Moduleclock_Chronoage_Rodents_Multitissue_tan_scaleddiff.pkl,EN,Chronological,Rodents,Multi-Tissue,Scaled,tan,Oxidative phosphorylation/TCA cycle,Rodent module clocks
EN_Moduleclock_Chronoage_Rodents_Multitissue_turquoise_scaleddiff.pkl,EN,Chronological,Rodents,Multi-Tissue,Scaled,turquoise,Innate immunity/Inflammation,Rodent module clocks
EN_Moduleclock_Chronoage_Rodents_Multitissue_yellow_scaleddiff.pkl,EN,Chronological,Rodents,Multi-Tissue,Scaled,yellow,Chromatin modification/Transcription 2,Rodent module clocks
EN_Moduleclock_Mortality_Rodents_Multitissue_allmodulegenes_scaleddiff.pkl,EN,Mortality,Rodents,Multi-Tissue,Scaled,allmodulegenes,All Modules,Rodent module clocks
EN_Moduleclock_Mortality_Rodents_Multitissue_black_scaleddiff.pkl,EN,Mortality,Rodents,Multi-Tissue,Scaled,black,Myogenesis/Muscle contraction,Rodent module clocks
EN_Moduleclock_Mortality_Rodents_Multitissue_blue_scaleddiff.pkl,EN,Mortality,Rodents,Multi-Tissue,Scaled,blue,Respiration/Mitochondrial translation,Rodent module clocks
EN_Moduleclock_Mortality_Rodents_Multitissue_brown_scaleddiff.pkl,EN,Mortality,Rodents,Multi-Tissue,Scaled,brown,Chromatin modification/Transcription,Rodent module clocks
EN_Moduleclock_Mortality_Rodents_Multitissue_cyan_scaleddiff.pkl,EN,Mortality,Rodents,Multi-Tissue,Scaled,cyan,Heme metabolism,Rodent module clocks
EN_Moduleclock_Mortality_Rodents_Multitissue_darkgreen_scaleddiff.pkl,EN,Mortality,Rodents,Multi-Tissue,Scaled,darkgreen,Cell adhesion/VEGF signaling,Rodent module clocks
EN_Moduleclock_Mortality_Rodents_Multitissue_darkgrey_scaleddiff.pkl,EN,Mortality,Rodents,Multi-Tissue,Scaled,darkgrey,Protein processing/mTOR signaling,Rodent module clocks
EN_Moduleclock_Mortality_Rodents_Multitissue_darkorange_scaleddiff.pkl,EN,Mortality,Rodents,Multi-Tissue,Scaled,darkorange,Lipid met/PPAR signaling,Rodent module clocks
EN_Moduleclock_Mortality_Rodents_Multitissue_darkred_scaleddiff.pkl,EN,Mortality,Rodents,Multi-Tissue,Scaled,darkred,Cholesterol met/mTOR signaling,Rodent module clocks
EN_Moduleclock_Mortality_Rodents_Multitissue_green_scaleddiff.pkl,EN,Mortality,Rodents,Multi-Tissue,Scaled,green,Cell cycle,Rodent module clocks
EN_Moduleclock_Mortality_Rodents_Multitissue_greenyellow_scaleddiff.pkl,EN,Mortality,Rodents,Multi-Tissue,Scaled,greenyellow,ECM organization/EMT,Rodent module clocks
EN_Moduleclock_Mortality_Rodents_Multitissue_grey60_scaleddiff.pkl,EN,Mortality,Rodents,Multi-Tissue,Scaled,grey60,Apoptosis/Nrf2 signaling/Proteasome,Rodent module clocks
EN_Moduleclock_Mortality_Rodents_Multitissue_lightgreen_scaleddiff.pkl,EN,Mortality,Rodents,Multi-Tissue,Scaled,lightgreen,Interferon signaling,Rodent module clocks
EN_Moduleclock_Mortality_Rodents_Multitissue_lightyellow_scaleddiff.pkl,EN,Mortality,Rodents,Multi-Tissue,Scaled,lightyellow,Nrf2 signaling/Proteasome,Rodent module clocks
EN_Moduleclock_Mortality_Rodents_Multitissue_magenta_scaleddiff.pkl,EN,Mortality,Rodents,Multi-Tissue,Scaled,magenta,Amino acid met/Coagulation/Xenobiotic met,Rodent module clocks
EN_Moduleclock_Mortality_Rodents_Multitissue_midnightblue_scaleddiff.pkl,EN,Mortality,Rodents,Multi-Tissue,Scaled,midnightblue,mRNA splicing,Rodent module clocks
EN_Moduleclock_Mortality_Rodents_Multitissue_orange_scaleddiff.pkl,EN,Mortality,Rodents,Multi-Tissue,Scaled,orange,Fatty acid met/Peroxisome,Rodent module clocks
EN_Moduleclock_Mortality_Rodents_Multitissue_pink_scaleddiff.pkl,EN,Mortality,Rodents,Multi-Tissue,Scaled,pink,Adaptive immunity/T cell signaling,Rodent module clocks
EN_Moduleclock_Mortality_Rodents_Multitissue_red_scaleddiff.pkl,EN,Mortality,Rodents,Multi-Tissue,Scaled,red,Translation/Ribosome,Rodent module clocks
EN_Moduleclock_Mortality_Rodents_Multitissue_salmon_scaleddiff.pkl,EN,Mortality,Rodents,Multi-Tissue,Scaled,salmon,Cholesterol met/Platelet degranulation,Rodent module clocks
EN_Moduleclock_Mortality_Rodents_Multitissue_skyblue_scaleddiff.pkl,EN,Mortality,Rodents,Multi-Tissue,Scaled,skyblue,Heat stress response,Rodent module clocks
EN_Moduleclock_Mortality_Rodents_Multitissue_tan_scaleddiff.pkl,EN,Mortality,Rodents,Multi-Tissue,Scaled,tan,Oxidative phosphorylation/TCA cycle,Rodent module clocks
EN_Moduleclock_Mortality_Rodents_Multitissue_turquoise_scaleddiff.pkl,EN,Mortality,Rodents,Multi-Tissue,Scaled,turquoise,Innate immunity/Inflammation,Rodent module clocks
EN_Moduleclock_Mortality_Rodents_Multitissue_yellow_scaleddiff.pkl,EN,Mortality,Rodents,Multi-Tissue,Scaled,yellow,Chromatin modification/Transcription 2,Rodent module clocks
EN_Moduleclock_Chronoage_Multispecies_Multitissue_allmodulegenes_scaleddiff.pkl,EN,Chronological,Multispecies,Multi-Tissue,Scaled,allmodulegenes,All Modules,Multispecies module clocks
EN_Moduleclock_Chronoage_Multispecies_Multitissue_blue_scaleddiff.pkl,EN,Chronological,Multispecies,Multi-Tissue,Scaled,blue,Myogenesis/Muscle contraction,Multispecies module clocks
EN_Moduleclock_Chronoage_Multispecies_Multitissue_brown4_scaleddiff.pkl,EN,Chronological,Multispecies,Multi-Tissue,Scaled,brown4,ECM organization/EMT,Multispecies module clocks
EN_Moduleclock_Chronoage_Multispecies_Multitissue_darkgreen_scaleddiff.pkl,EN,Chronological,Multispecies,Multi-Tissue,Scaled,darkgreen,Adaptive immunity/T cell signaling,Multispecies module clocks
EN_Moduleclock_Chronoage_Multispecies_Multitissue_darkmagenta_scaleddiff.pkl,EN,Chronological,Multispecies,Multi-Tissue,Scaled,darkmagenta,Interferon signaling,Multispecies module clocks
EN_Moduleclock_Chronoage_Multispecies_Multitissue_darkred_scaleddiff.pkl,EN,Chronological,Multispecies,Multi-Tissue,Scaled,darkred,mRNA splicing,Multispecies module clocks
EN_Moduleclock_Chronoage_Multispecies_Multitissue_darkslateblue_scaleddiff.pkl,EN,Chronological,Multispecies,Multi-Tissue,Scaled,darkslateblue,Protein processing in ER/UPR,Multispecies module clocks
EN_Moduleclock_Chronoage_Multispecies_Multitissue_green_scaleddiff.pkl,EN,Chronological,Multispecies,Multi-Tissue,Scaled,green,Cell cycle/DNA replication,Multispecies module clocks
EN_Moduleclock_Chronoage_Multispecies_Multitissue_ivory_scaleddiff.pkl,EN,Chronological,Multispecies,Multi-Tissue,Scaled,ivory,Fatty acid metabolism/Peroxisome,Multispecies module clocks
EN_Moduleclock_Chronoage_Multispecies_Multitissue_orange_scaleddiff.pkl,EN,Chronological,Multispecies,Multi-Tissue,Scaled,orange,Chromatin modification,Multispecies module clocks
EN_Moduleclock_Chronoage_Multispecies_Multitissue_pink_scaleddiff.pkl,EN,Chronological,Multispecies,Multi-Tissue,Scaled,pink,Mitochondrial translation/OxPhos,Multispecies module clocks
EN_Moduleclock_Chronoage_Multispecies_Multitissue_plum1_scaleddiff.pkl,EN,Chronological,Multispecies,Multi-Tissue,Scaled,plum1,Protein folding/Translation,Multispecies module clocks
EN_Moduleclock_Chronoage_Multispecies_Multitissue_sienna3_scaleddiff.pkl,EN,Chronological,Multispecies,Multi-Tissue,Scaled,sienna3,VEGF signaling,Multispecies module clocks
EN_Moduleclock_Chronoage_Multispecies_Multitissue_turquoise_scaleddiff.pkl,EN,Chronological,Multispecies,Multi-Tissue,Scaled,turquoise,Innate immunity/Inflammation,Multispecies module clocks
EN_Moduleclock_Chronoage_Multispecies_Multitissue_white_scaleddiff.pkl,EN,Chronological,Multispecies,Multi-Tissue,Scaled,white,OxPhos/Heme metabolism,Multispecies module clocks
EN_Moduleclock_Mortality_Multispecies_Multitissue_allmodulegenes_scaleddiff.pkl,EN,Mortality,Multispecies,Multi-Tissue,Scaled,allmodulegenes,All Modules,Multispecies module clocks
EN_Moduleclock_Mortality_Multispecies_Multitissue_blue_scaleddiff.pkl,EN,Mortality,Multispecies,Multi-Tissue,Scaled,blue,Myogenesis/Muscle contraction,Multispecies module clocks
EN_Moduleclock_Mortality_Multispecies_Multitissue_brown4_scaleddiff.pkl,EN,Mortality,Multispecies,Multi-Tissue,Scaled,brown4,ECM organization/EMT,Multispecies module clocks
EN_Moduleclock_Mortality_Multispecies_Multitissue_darkgreen_scaleddiff.pkl,EN,Mortality,Multispecies,Multi-Tissue,Scaled,darkgreen,Adaptive immunity/T cell signaling,Multispecies module clocks
EN_Moduleclock_Mortality_Multispecies_Multitissue_darkmagenta_scaleddiff.pkl,EN,Mortality,Multispecies,Multi-Tissue,Scaled,darkmagenta,Interferon signaling,Multispecies module clocks
EN_Moduleclock_Mortality_Multispecies_Multitissue_darkred_scaleddiff.pkl,EN,Mortality,Multispecies,Multi-Tissue,Scaled,darkred,mRNA splicing,Multispecies module clocks
EN_Moduleclock_Mortality_Multispecies_Multitissue_darkslateblue_scaleddiff.pkl,EN,Mortality,Multispecies,Multi-Tissue,Scaled,darkslateblue,Protein processing in ER/UPR,Multispecies module clocks
EN_Moduleclock_Mortality_Multispecies_Multitissue_green_scaleddiff.pkl,EN,Mortality,Multispecies,Multi-Tissue,Scaled,green,Cell cycle/DNA replication,Multispecies module clocks
EN_Moduleclock_Mortality_Multispecies_Multitissue_ivory_scaleddiff.pkl,EN,Mortality,Multispecies,Multi-Tissue,Scaled,ivory,Fatty acid metabolism/Peroxisome,Multispecies module clocks
EN_Moduleclock_Mortality_Multispecies_Multitissue_orange_scaleddiff.pkl,EN,Mortality,Multispecies,Multi-Tissue,Scaled,orange,Chromatin modification,Multispecies module clocks
EN_Moduleclock_Mortality_Multispecies_Multitissue_pink_scaleddiff.pkl,EN,Mortality,Multispecies,Multi-Tissue,Scaled,pink,Mitochondrial translation/OxPhos,Multispecies module clocks
EN_Moduleclock_Mortality_Multispecies_Multitissue_plum1_scaleddiff.pkl,EN,Mortality,Multispecies,Multi-Tissue,Scaled,plum1,Protein folding/Translation,Multispecies module clocks
EN_Moduleclock_Mortality_Multispecies_Multitissue_sienna3_scaleddiff.pkl,EN,Mortality,Multispecies,Multi-Tissue,Scaled,sienna3,VEGF signaling,Multispecies module clocks
EN_Moduleclock_Mortality_Multispecies_Multitissue_turquoise_scaleddiff.pkl,EN,Mortality,Multispecies,Multi-Tissue,Scaled,turquoise,Innate immunity/Inflammation,Multispecies module clocks
EN_Moduleclock_Mortality_Multispecies_Multitissue_white_scaleddiff.pkl,EN,Mortality,Multispecies,Multi-Tissue,Scaled,white,OxPhos/Heme metabolism,Multispecies module clocks
